"id","lesson_name","user_id","time","time_writing","anwser_shown","backspaces","total_chars","answer_show"
863,r1,13,"42","22",true,22,12,
155,r7,12,"408","276",true,203,268,1
159,v4,12,"322","264",true,244,190,1
163,r2,21,"739","296",true,72,79,1
166,r5,21,"583","405",true,24,44,1
171,r2,23,"211","102",true,41,39,1
172,r3,23,"48","1",true,0,54,1
173,r4,23,"32","1",true,0,38,1
174,r5,23,"29","1",true,214,286,1
175,r6,23,"21","2",true,437,992,1
176,r7,23,"134","48",true,60,82,1
177,v1,23,"41","8",true,53,13,1
178,v2,23,"15","3",true,25,32,1
179,a2,21,"1055","345",true,75,182,1
180,v3,23,"38","4",true,19,36,1
181,v4,23,"15","1",true,0,59,1
182,v5,23,"39","2",true,155,302,1
183,v6,23,"88","54",true,14,540,1
184,v7,23,"294","183",true,1384,1876,1
186,a2,23,"35","1",true,20,61,1
187,a3,23,"26","11",true,45,52,1
188,a4,23,"44","1",true,0,51,1
189,a5,23,"191","176",true,1159,1146,1
190,a6,23,"53","1",true,28,225,1
191,a7,23,"139","71",true,383,597,1
192,a3,21,"1313","216",true,53,49,1
193,a4,21,"546","231",true,0,51,1
195,a6,21,"186","6",true,0,185,1
196,a7,21,"274","201",true,66,164,1
199,v3,21,"502","133",true,7,21,1
200,v4,21,"440","340",true,163,356,1
201,v5,21,"631","305",true,171,282,1
202,v6,21,"206","95",true,24,271,1
203,v7,21,"397","349",true,60,264,1
229,a3,33,"156","128",true,75,78,1
230,a4,33,"358","293",true,1135,1077,1
231,a5,33,"644","620",true,801,756,1
864,r2,13,"24","18",true,0,37,
232,r1,34,"25","4",false,21,10,0
233,r2,34,"95","22",false,54,31,0
234,r3,34,"122","78",false,69,54,0
236,r4,34,"182","26",false,169,44,0
237,r5,34,"393","257",false,310,322,0
238,a7,33,"629","551",false,405,348,0
239,r6,34,"325","279",false,26,241,0
240,v1,33,"16","5",false,9,11,0
241,r7,34,"55","24",false,62,83,0
235,a6,33,"602","550",true,1132,1392,1
249,v5,33,"479","459",true,495,569,1
256,r1,35,"50","27",true,0,0,1
266,v4,20,"33","14",true,126,50,1
280,a6,38,"235","135",true,9,163,1
283,a7,38,"348","280",true,46,156,1
285,r5,39,"246","136",true,287,368,1
286,r6,39,"128","68",true,201,483,1
287,r7,39,"110","6",true,0,84,1
290,a3,39,"164","149",true,134,148,1
291,a4,39,"229","75",true,51,236,1
292,a5,39,"278","185",true,138,147,1
294,a7,39,"125","23",true,122,259,1
299,v5,39,"111","37",true,157,304,1
865,r3,13,"11","1",true,0,65,
356,a3,41,"164","149",true,134,148,1
351,r5,41,"214","147",true,135,245,1
357,a4,41,"253","124",true,74,232,1
360,a7,41,"179","125",true,57,175,1
365,v5,41,"174","135",true,124,213,1
374,r5,40,"161","99",true,193,236,1
376,r7,40,"307","139",true,115,153,1
378,a2,40,"234","122",true,162,174,1
379,a3,40,"231","186",true,49,62,1
381,a5,40,"95","88",true,105,121,1
382,a6,40,"316","56",true,11,195,1
383,a7,40,"99","23",true,122,289,1
388,v5,40,"106","34",true,156,308,1
389,v6,40,"95","10",true,0,257,1
436,v4,38,"551","187",true,46,100,1
439,v7,38,"209","67",true,62,211,1
440,r1,50,"444","13",true,0,0,1
441,r2,50,"689","189",true,0,0,1
442,r3,50,"1613","982",true,0,0,1
443,r4,50,"1620","48",true,0,0,1
444,r5,50,"699","198",true,0,0,1
446,r2,51,"2429","656",true,223,204,1
866,r4,13,"8","1",true,0,47,
456,r5,43,"248","164",true,147,190,1
468,r6,43,"113","11",true,214,694,1
474,a2,43,"137","23",true,83,104,1
477,a5,43,"372","27",true,177,195,1
478,a6,43,"355","1",true,28,223,1
491,r3,49,"326","197",true,33,81,1
526,a3,52,"371","150",true,0,0,1
537,v7,52,"196","87",true,0,0,1
867,r1,13,"15","4",false,23,12,
560,v2,31,"23","2",true,65,122,1
561,v3,31,"22","2",true,40,62,1
562,v4,31,"21","2",true,155,296,1
563,v5,31,"13","0",true,155,597,1
564,v6,31,"20","16",true,292,619,1
565,v7,31,"63","36",true,582,1061,1
570,r5,55,"214","127",true,296,211,1
577,a5,55,"326","155",true,267,162,1
578,a6,55,"165","86",true,229,837,1
579,a7,55,"230","194",true,236,209,1
591,r5,58,"201","75",true,157,200,1
593,r7,58,"154","39",true,199,297,1
600,r7,59,"71","51",true,154,194,1
602,a2,59,"60","50",true,104,156,1
603,a3,59,"39","28",true,66,72,1
604,a4,59,"43","15",true,17,80,1
645,a2,58,"333","11",true,26,70,1
649,a5,58,"415","138",true,203,183,1
658,r5,61,"194","114",true,220,282,1
868,r1,13,"24","5",false,27,12,
676,r5,62,"240","130",true,0,22,1
677,r6,63,"438","254",true,230,342,1
679,r7,64,"259","192",true,165,321,1
681,v5,61,"244","82",true,155,302,1
697,v5,63,"194","57",true,155,302,1
702,v5,62,"218","63",true,155,308,1
714,a2,61,"264","56",true,6,41,1
716,a3,62,"199","77",true,36,36,1
717,a3,61,"174","57",true,7,5,1
718,a3,63,"235","180",true,60,65,1
720,a4,62,"207","128",true,29,119,1
721,a4,61,"216","124",true,17,64,1
723,a5,64,"282","145",true,181,303,1
724,a5,62,"249","163",true,198,231,1
725,a5,61,"247","114",true,138,192,1
726,a5,63,"457","366",true,221,259,1
728,a6,62,"413","316",true,433,512,1
729,a6,61,"480","341",true,145,410,1
730,a6,63,"389","198",true,40,228,1
731,a7,64,"448","238",true,271,475,1
733,a7,61,"384","199",true,166,160,1
740,a5,12,"329","76",true,131,173,1
741,a6,12,"111","38",true,86,273,1
758,a3,49,"210","11",true,0,6,1
759,a4,49,"349","47",true,20,67,1
762,a7,49,"126","83",true,117,152,1
869,r1,13,"28","15",true,20,10,
128,r1,17,"15","3",false,21,10,0
129,r2,17,"133","20",false,42,35,0
130,r3,17,"139","52",false,25,54,0
768,r2,86,"429","259",true,79,124,1
769,r3,86,"929","366",true,435,510,1
776,v3,49,"293","55",true,23,82,1
779,v6,49,"298","234",true,204,529,1
781,v7,49,"151","56",true,47,185,1
782,a2,86,"466","296",true,226,328,1
783,a3,86,"403","264",true,73,82,1
784,a4,86,"705","162",true,73,130,1
785,a5,86,"1148","675",true,701,605,1
787,a7,86,"495","304",true,140,634,1
790,r3,32,"99","44",true,0,0,1
792,r5,32,"117","86",true,0,0,1
794,r7,32,"76","0",true,0,0,1
799,r5,77,"849","345",true,73,90,1
804,v3,86,"434","263",true,121,174,1
805,v4,86,"632","466",true,133,162,1
806,v5,86,"427","293",true,246,299,1
808,v7,86,"377","313",true,113,258,1
810,r2,93,"261","123",true,176,487,1
811,r3,93,"214","129",true,507,301,1
812,r4,93,"95","3",true,0,39,1
813,r5,93,"219","118",true,101,99,1
814,r6,93,"125","86",true,387,1174,1
817,a2,93,"83","74",true,513,931,1
818,a3,93,"66","13",true,96,117,1
819,a4,93,"97","0",true,17,81,1
820,a5,93,"217","187",true,207,182,1
821,a6,93,"79","1",true,28,223,1
822,a7,93,"85","71",true,57,209,1
824,v2,93,"51","24",true,85,101,1
825,v3,93,"185","163",true,66,110,1
826,v4,93,"149","72",true,196,231,1
827,v5,93,"40","2",true,48,163,1
829,v7,93,"66","38",true,671,998,1
832,a3,77,"426","202",true,76,67,1
131,r4,17,"30","15",false,30,48,0
132,r5,17,"49","28",false,45,38,0
133,r6,17,"56","36",false,47,261,0
134,r7,17,"74","63",false,45,97,0
135,a1,17,"9","3",false,2,12,0
136,a2,17,"105","36",false,12,66,0
137,a3,17,"18","2",false,0,6,0
138,a4,17,"67","20",false,21,68,0
139,a5,17,"37","21",false,189,63,0
140,a6,17,"52","37",false,52,189,0
141,a7,17,"149","132",false,176,171,0
142,v1,17,"8","3",false,13,14,0
143,v2,17,"37","26",false,0,40,0
144,v3,17,"50","11",false,1,15,0
145,v4,17,"56","32",false,2,48,0
146,v5,17,"173","164",false,84,182,0
147,v6,17,"46","34",false,40,152,0
148,v7,17,"35","28",false,38,164,0
149,r1,12,"51","4",false,22,10,0
150,r2,12,"112","41",false,21,35,0
151,r3,12,"83","42",false,120,72,0
152,r4,12,"53","22",false,69,63,0
153,r5,12,"106","16",false,19,31,0
154,r6,12,"88","44",false,68,261,0
156,v1,12,"14","2",false,8,10,0
157,v2,12,"94","27",false,36,38,0
158,v3,12,"444","276",false,20,41,0
160,v5,12,"221","130",false,25,71,0
161,v6,12,"101","57",false,40,303,0
162,r1,21,"52","18",false,26,15,0
164,r3,21,"342","44",false,2,51,0
165,r4,21,"1118","30",false,5,43,0
167,r6,21,"187","75",false,47,261,0
168,r7,21,"223","69",false,37,92,0
169,a1,21,"34","24",false,10,11,0
170,r1,23,"22","9",false,31,11,0
185,a1,23,"11","5",false,18,11,0
194,a5,21,"979","200",false,141,61,0
197,v1,21,"53","31",false,17,19,0
198,v2,21,"512","103",false,2,30,0
204,r1,31,"30","15",false,20,10,0
205,r2,31,"264","174",false,57,71,0
206,r3,31,"190","73",false,70,35,0
207,r4,31,"179","33",false,69,15,0
208,r5,31,"379","337",false,339,163,0
209,r6,31,"208","89",false,49,246,0
210,r7,31,"81","55",false,26,90,0
211,a1,31,"11","5",false,4,14,0
212,a2,31,"77","57",false,60,81,0
213,a3,31,"119","95",false,10,18,0
214,a4,31,"124","44",false,57,81,0
215,a5,31,"135","88",false,124,120,0
216,a6,31,"555","483",false,357,503,0
217,a7,31,"235","217",false,185,160,0
218,v1,31,"13","5",false,11,10,0
219,v2,31,"148","133",false,66,101,0
220,r1,33,"29","6",false,22,11,0
221,r2,33,"80","50",false,34,40,0
222,r3,33,"588","493",false,327,281,0
223,r4,33,"83","18",false,47,12,0
224,r5,33,"120","69",false,42,49,0
225,r6,33,"124","58",false,82,276,0
226,r7,33,"65","28",false,95,95,0
227,a1,33,"22","1",false,8,11,0
228,a2,33,"502","483",false,405,428,0
242,v2,33,"59","48",false,20,51,0
243,v3,33,"83","20",false,16,30,0
244,v4,33,"20","2",false,8,24,0
245,v1,34,"11","2",false,25,11,0
246,v2,34,"336","1",false,25,32,0
247,v3,34,"19","1",false,19,35,0
248,v4,34,"21","9",false,0,61,0
250,v5,34,"136","107",false,69,183,0
251,v6,33,"114","95",false,104,290,0
252,v6,34,"91","83",false,10,265,0
253,v7,34,"85","33",false,0,182,0
254,v7,33,"453","444",false,234,281,0
255,v1,20,"90","29",false,8,10,0
257,a1,34,"19","4",false,9,11,0
258,a2,34,"109","50",false,164,317,0
259,a3,34,"65","56",false,0,6,0
260,a4,34,"194","129",false,8,57,0
261,a5,34,"150","100",false,129,69,0
262,a6,34,"151","39",false,27,220,0
263,a7,34,"227","192",false,135,192,0
264,v2,20,"13797","336",false,198,158,0
265,v3,20,"830","207",false,15,28,0
267,r1,38,"46","12",false,26,15,0
268,r2,38,"148","33",false,21,31,0
269,r3,38,"257","96",false,133,62,0
270,r4,38,"643","31",false,3,40,0
271,r5,38,"1495","28",false,3,26,0
272,r6,38,"610","123",false,60,273,0
273,r7,38,"159","49",false,39,96,0
274,a1,38,"34","17",false,8,10,0
275,a2,38,"347","52",false,0,54,0
276,a3,38,"445","117",false,25,23,0
277,a4,38,"331","58",false,0,48,0
278,a5,38,"346","109",false,128,61,0
279,r1,39,"22","12",false,21,10,0
281,r2,39,"106","51",false,170,109,0
282,r3,39,"209","134",false,25,72,0
284,r4,39,"101","68",false,49,64,0
288,a1,39,"103","3",false,7,10,0
289,a2,39,"149","76",false,51,79,0
293,a6,39,"252","197",false,123,386,0
295,v1,39,"13","8",false,20,20,0
296,v2,39,"38","36",false,8,36,0
297,v3,39,"93","4",false,0,8,0
298,v4,39,"46","40",false,1,46,0
300,v6,39,"174","48",false,61,323,0
301,v7,39,"110","69",false,84,227,0
346,r1,39,"22","12",false,21,10,0
355,a2,41,"149","76",false,51,79,0
402,r5,48,"92","54",false,60,47,0
403,r6,48,"78","23",false,20,243,0
404,r7,48,"87","50",false,60,81,0
347,r2,41,"185","89",false,89,69,0
348,r3,41,"279","183",false,56,90,0
350,r4,41,"136","104",false,75,86,0
352,r6,41,"143","123",false,123,234,0
353,r7,41,"146","135",false,32,135,0
354,a1,41,"23","11",false,12,10,0
358,a5,41,"187","124",false,98,123,0
359,a6,41,"243","231",false,84,235,0
361,v1,41,"22","17",false,20,10,0
362,v2,41,"79","64",false,28,43,0
405,a1,48,"29","3",false,8,11,0
364,v4,41,"67","34",false,15,53,0
406,a2,48,"57","17",false,20,61,0
366,v6,41,"145","74",false,170,432,0
367,v7,41,"174","93",false,53,145,0
368,r1,41,"30","25",false,16,10,0
363,v3,41,"104","75",false,35,67,0
370,r1,40,"9","3",false,21,11,0
371,r2,40,"396","42",false,65,95,0
372,r3,40,"313","42",false,4,52,0
373,r4,40,"222","70",false,14,94,0
375,r6,40,"177","20",false,52,269,0
377,a1,40,"48","2",false,8,10,0
380,a4,40,"172","90",false,18,66,0
384,v1,40,"45","3",false,8,10,0
385,v2,40,"81","9",false,1,29,0
386,v3,40,"110","107",false,0,8,0
387,v4,40,"198","19",false,2,46,0
390,v7,40,"189","50",false,288,233,0
391,v1,48,"57","47",false,22,23,0
392,v2,48,"49","20",false,25,32,0
393,v3,48,"49","12",false,25,40,0
394,v4,48,"54","22",false,112,123,0
395,v5,48,"103","73",false,284,443,0
396,v6,48,"73","23",false,1,261,0
397,v7,48,"81","65",false,0,182,0
398,r1,48,"33","13",false,21,11,0
399,r2,48,"33","15",false,19,34,0
400,r3,48,"142","76",false,230,163,0
401,r4,48,"190","101",false,132,115,0
407,a3,48,"95","19",false,45,52,0
408,a4,48,"83","25",false,0,51,0
409,a5,48,"98","84",false,109,83,0
410,a6,48,"89","18",false,45,233,0
411,a7,48,"155","126",false,127,162,0
412,v1,46,"25","12",false,8,11,0
413,v2,46,"45","40",false,42,45,0
414,v3,46,"56","2",false,19,35,0
415,v4,46,"44","19",false,122,59,0
416,v5,46,"51","34",false,48,162,0
417,v6,46,"69","37",false,196,512,0
418,v7,46,"100","36",false,0,181,0
419,r1,46,"13","6",false,21,11,0
420,r2,46,"61","11",false,53,68,0
421,r3,46,"138","63",false,69,54,0
422,r4,46,"168","162",false,210,113,0
423,r5,46,"39","26",false,54,75,0
424,r6,46,"56","21",false,20,279,0
425,r7,46,"45","18",false,40,81,0
426,a1,46,"15","7",false,8,11,0
427,a2,46,"92","72",false,20,61,0
428,a3,46,"70","62",false,53,63,0
429,a4,46,"142","80",false,0,53,0
430,a5,46,"117","71",false,64,74,0
431,a6,46,"129","32",false,0,184,0
432,a7,46,"234","195",false,161,162,0
433,v1,38,"38","6",false,8,10,0
434,v2,38,"132","52",false,8,36,0
435,v3,38,"342","98",false,1,34,0
437,v5,38,"172","65",false,3,68,0
438,v6,38,"169","84",false,26,301,0
445,r1,51,"141","4",false,20,10,0
447,v1,44,"16","2",false,8,11,0
448,r1,43,"54","18",false,20,10,0
449,v2,44,"63","15",false,57,64,0
450,v3,44,"40","13",false,38,52,0
451,r2,43,"88","31",false,123,152,0
452,v4,44,"77","48",false,132,120,0
453,r3,43,"107","42",false,38,83,0
454,v5,44,"161","131",false,44,150,0
455,r4,43,"151","23",false,50,86,0
457,v6,44,"302","260",false,18,283,0
458,v7,44,"174","37",false,5,207,0
459,r1,44,"50","37",false,26,16,0
460,r2,44,"59","11",false,100,70,0
461,r3,44,"199","145",false,173,71,0
462,r4,44,"303","232",false,123,111,0
463,r5,44,"83","65",false,84,69,0
464,r6,44,"16","0",false,181,643,0
465,r7,44,"31","18",false,0,86,0
466,a1,44,"9","4",false,9,11,0
467,a2,44,"92","31",false,48,69,0
469,a3,44,"113","100",false,45,52,0
470,a4,44,"130","120",false,17,80,0
471,r7,43,"286","180",false,367,261,0
472,a1,43,"78","3",false,8,10,0
473,a5,44,"219","144",false,104,120,0
475,a3,43,"75","29",false,102,74,0
476,a4,43,"135","43",false,63,110,0
479,a7,43,"92","71",false,59,157,0
480,v1,43,"30","3",false,8,10,0
481,v2,43,"42","39",false,15,43,0
482,v3,43,"160","11",false,4,13,0
483,v4,43,"134","75",false,120,155,0
484,v5,43,"166","45",false,42,99,0
485,v6,43,"164","69",false,26,303,0
486,v7,43,"63","49",false,263,232,0
487,a6,44,"184","31",false,103,251,0
488,a7,44,"111","35",false,50,153,0
489,r1,49,"89","10",false,20,15,0
490,r2,49,"111","35",false,22,32,0
492,r4,49,"222","26",false,3,40,0
493,r5,49,"116","32",false,15,36,0
494,r6,49,"87","45",false,49,262,0
495,r7,49,"368","36",false,38,93,0
496,v1,42,"13","4",false,8,10,0
497,v2,42,"50","39",false,0,32,0
498,v3,42,"71","0",false,19,35,0
499,v4,42,"101","1",false,0,59,0
500,v5,42,"55","50",false,155,302,0
501,v6,42,"17","10",false,0,258,0
502,v7,42,"50","22",false,0,182,0
503,a1,42,"22","1",false,8,11,0
504,a2,42,"92","91",false,95,185,0
505,a3,42,"34","29",false,45,52,0
506,a4,42,"114","108",false,17,80,0
507,a5,42,"142","72",false,104,120,0
508,a6,42,"222","82",false,28,223,0
509,a7,42,"308","295",false,60,104,0
510,r1,42,"18","3",false,22,13,0
511,r2,42,"95","87",false,19,34,0
512,r3,42,"7","5",false,0,54,0
513,r4,42,"133","1",false,39,38,0
514,r5,42,"90","77",false,54,76,0
515,r6,42,"208","198",false,72,465,0
516,r7,42,"237","27",false,60,82,0
517,r1,52,"17","0",false,0,0,0
518,r2,52,"41","0",false,0,0,0
519,r3,52,"67","0",false,0,0,0
520,r4,52,"20","0",false,0,0,0
521,r5,52,"106","20",false,0,0,0
522,r6,52,"68","10",false,0,0,0
523,r7,52,"113","29",false,0,0,0
524,a1,52,"11","0",false,0,0,0
525,a2,52,"282","0",false,0,0,0
527,a4,52,"176","0",false,0,0,0
528,a5,52,"451","0",false,0,0,0
529,a6,52,"75","0",false,0,0,0
530,a7,52,"440","237",false,0,0,0
531,v1,52,"14","4",false,0,0,0
532,v2,52,"223","0",false,0,0,0
533,v3,52,"612","49",false,0,0,0
534,v4,52,"42","0",false,0,0,0
535,v5,52,"132","0",false,0,0,0
536,v6,52,"128","0",false,0,0,0
538,r1,54,"12","2",false,21,11,0
539,r2,54,"33","26",false,19,34,0
540,r3,54,"128","116",false,47,54,0
541,r4,54,"89","78",false,38,38,0
542,r5,54,"109","0",false,0,124,0
543,r6,54,"102","0",false,0,642,0
544,r7,54,"82","56",false,60,81,0
545,v1,54,"17","6",false,8,11,0
546,v2,54,"16","10",false,25,32,0
547,v3,54,"66","13",false,19,35,0
548,v4,54,"98","91",false,240,119,0
549,v5,54,"141","123",false,42,148,0
550,v6,54,"148","81",false,0,258,0
551,v7,54,"125","108",false,0,181,0
552,a1,54,"19","6",false,11,21,0
553,a2,54,"57","50",false,20,61,0
554,a3,54,"107","101",false,96,104,0
555,a4,54,"234","229",false,17,80,0
556,a5,54,"194","179",false,304,361,0
557,a6,54,"703","466",false,3,193,0
558,a7,54,"31","19",false,182,259,0
559,v1,31,"16","5",false,8,10,0
566,r1,55,"118","4",false,27,15,0
567,r2,55,"139","15",false,37,67,0
568,r3,55,"291","22",false,8,56,0
569,r4,55,"154","64",false,0,36,0
571,r6,55,"240","56",false,123,169,0
572,r7,55,"134","18",false,40,108,0
573,a1,55,"70","56",false,8,10,0
574,a2,55,"125","5",false,20,75,0
575,a3,55,"260","198",false,0,51,0
576,a4,55,"115","74",false,86,123,0
580,v1,55,"117","3",false,8,10,0
581,v2,55,"114","15",false,10,38,0
582,v3,55,"145","98",false,0,8,0
583,v4,55,"178","87",false,0,45,0
584,v5,55,"124","75",false,160,307,0
585,v6,55,"116","36",false,31,310,0
586,v7,55,"160","28",false,50,193,0
587,r1,58,"108","4",false,22,11,0
588,r2,58,"211","122",false,64,92,0
589,r3,58,"178","79",false,41,82,0
590,r4,58,"155","17",false,75,63,0
592,r6,58,"191","67",false,126,262,0
594,r1,59,"11","3",false,21,11,0
595,r2,59,"34","22",false,166,228,0
596,r3,59,"9","1",false,0,54,0
597,r4,59,"8","0",false,96,77,0
598,r5,59,"8","1",false,214,286,0
599,r6,59,"8","1",false,442,992,0
601,a1,59,"9","0",false,8,11,0
605,a5,59,"10","3",false,206,244,0
606,a6,59,"13","11",false,219,446,0
607,a7,59,"46","25",false,182,261,0
608,v1,59,"11","1",false,8,11,0
609,v2,59,"5","1",false,72,32,0
610,v3,59,"20","0",false,19,35,0
611,v4,59,"6","1",false,0,59,0
612,v5,59,"18","0",false,48,162,0
613,v6,59,"35","21",false,15,284,0
614,v7,59,"31","19",false,182,377,0
615,v1,60,"13","3",false,8,11,0
616,v2,60,"5","1",false,25,32,0
617,v3,60,"6","2",false,19,35,0
618,v4,60,"12","4",false,0,61,0
619,v5,60,"11","1",false,48,162,0
620,v6,60,"15","8",false,14,284,0
621,v7,60,"28","23",false,146,380,0
622,a1,60,"9","0",false,8,11,0
623,a2,60,"9","0",false,20,61,0
624,a3,60,"7","0",false,45,52,0
625,a4,60,"6","1",false,17,81,0
626,a5,60,"7","0",false,104,122,0
627,a6,60,"8","1",false,28,223,0
628,a7,60,"21","14",false,122,175,0
629,r1,60,"14","1",false,21,11,0
630,r2,60,"11","1",false,45,75,0
631,r3,60,"19","18",false,3,57,0
632,r4,60,"16","3",false,0,38,0
633,r5,60,"24","1",false,147,189,0
634,r6,60,"20","6",false,442,992,0
635,r7,60,"17","6",false,0,81,0
636,v1,58,"30","23",false,8,10,0
637,v2,58,"65","15",false,9,37,0
638,v3,58,"183","29",false,0,8,0
639,v3,58,"183","29",false,0,8,0
640,v4,58,"70","25",false,10,54,0
641,v5,58,"184","31",false,155,302,0
642,v6,58,"194","74",false,53,341,0
643,v7,58,"146","45",false,55,211,0
644,a1,58,"19","10",false,8,10,0
646,a3,58,"189","185",false,6,12,0
647,a4,58,"201","134",false,84,94,0
648,r1,61,"79","3",false,21,10,0
650,a6,58,"150","30",false,227,284,0
651,r2,61,"173","68",false,10,39,0
652,a7,58,"199","143",false,69,173,0
653,r3,61,"203","175",false,33,108,0
654,r4,61,"177","86",false,0,36,0
655,r1,64,"55","11",false,28,16,0
656,r1,62,"61","6",false,24,14,0
657,r1,63,"58","8",false,21,10,0
659,r2,63,"94","49",false,20,30,0
660,r2,64,"145","85",false,50,73,0
661,r3,63,"154","67",false,1,49,0
662,r6,61,"239","120",false,88,274,0
663,r3,64,"125","34",false,12,62,0
664,r2,62,"345","278",false,73,78,0
665,r4,63,"168","111",false,192,112,0
666,r4,64,"166","65",false,4,53,0
667,r7,61,"210","109",false,112,109,0
668,r3,62,"355","263",false,44,82,0
669,v1,61,"58","3",false,8,10,0
670,r5,63,"268","203",false,104,67,0
671,r5,64,"234","93",false,0,21,0
672,r4,62,"141","115",false,69,99,0
673,v2,61,"138","46",false,0,28,0
674,v3,61,"150","77",false,0,8,0
675,r6,64,"331","188",false,89,283,0
678,v4,61,"171","77",false,0,44,0
680,r7,63,"161","91",false,35,104,0
682,r6,62,"350","272",false,68,309,0
683,v1,64,"59","3",false,8,10,0
684,v1,63,"75","17",false,21,22,0
685,r7,62,"163","35",false,36,109,0
686,v6,61,"307","229",false,24,308,0
687,v2,64,"197","108",false,1,29,0
688,v2,63,"175","99",false,9,36,0
689,v1,62,"77","3",false,8,10,0
690,v3,64,"121","85",false,13,37,0
691,v3,63,"125","83",false,40,61,0
692,v2,62,"120","115",false,7,34,0
693,v7,61,"234","143",false,92,194,0
694,v4,63,"123","88",false,66,130,0
695,v3,62,"122","64",false,35,72,0
696,v4,64,"152","42",false,17,68,0
698,v4,62,"195","163",false,7,46,0
699,v6,63,"146","63",false,24,303,0
700,v5,64,"340","211",false,177,333,0
701,v7,63,"66","31",false,87,193,0
703,v6,64,"111","45",false,33,317,0
704,v7,64,"92","41",false,58,205,0
705,v6,62,"159","89",false,27,493,0
706,v7,62,"79","29",false,44,195,0
707,a1,64,"46","24",false,15,17,0
708,a1,62,"63","35",false,8,17,0
709,a1,63,"56","30",false,23,25,0
710,a1,61,"82","55",false,8,10,0
711,a2,64,"187","31",false,32,63,0
712,a2,63,"243","168",false,54,89,0
713,a2,62,"259","66",false,23,56,0
715,a3,64,"259","133",false,7,5,0
719,a4,64,"179","112",false,6,54,0
722,a4,63,"207","85",false,6,53,0
727,a6,64,"314","114",false,172,400,0
732,a7,62,"452","295",false,242,317,0
734,a7,63,"282","113",false,181,232,0
735,v7,12,"269","258",false,455,383,0
736,a1,12,"280","275",false,8,10,0
737,a2,12,"70","21",false,7,43,0
738,a3,12,"139","48",false,7,5,0
739,a4,12,"104","40",false,5,53,0
742,a7,12,"88","47",false,187,181,0
743,v1,67,"96","19",false,10,13,0
744,a1,69,"37","5",false,17,16,0
745,a2,69,"210","147",false,111,134,0
746,a3,69,"1436","1368",false,38,30,0
747,a4,69,"233","97",false,18,64,0
748,a5,69,"206","106",false,147,66,0
749,v2,67,"4218","45",false,5,48,0
750,a6,69,"1948","130",false,17,162,0
751,v3,67,"1443","11",false,9,17,0
752,v4,67,"1385","601",false,362,451,0
753,v5,67,"593","250",false,83,216,0
754,v6,67,"1695","110",false,83,322,0
755,v7,67,"2977","2072",false,380,559,0
756,a1,49,"21","5",false,8,10,0
757,a2,49,"101","55",false,54,117,0
760,a5,49,"87","51",false,3,62,0
761,a6,49,"164","115",false,26,381,0
763,r1,74,"102","96",false,62,39,0
764,r1,76,"49","30",false,21,10,0
765,r2,76,"104","90",false,22,34,0
766,r1,82,"44","18",false,0,0,0
767,r1,86,"76","13",false,9,17,0
770,r4,86,"420","76",false,3,40,0
771,r5,86,"811","213",false,16,40,0
772,r6,86,"1126","64",false,104,277,0
773,r7,86,"488","61",false,33,95,0
774,v1,49,"55","7",false,10,12,0
775,v2,49,"210","30",false,0,28,0
777,v4,49,"130","75",false,34,104,0
778,v5,49,"163","67",false,13,75,0
780,a1,86,"25","5",false,9,11,0
786,a6,86,"665","104",false,114,232,0
788,r1,32,"45","31",false,0,0,0
789,r2,32,"116","27",false,0,0,0
791,r4,32,"42","0",false,0,0,0
793,r6,32,"247","0",false,0,0,0
795,r1,77,"358","4",false,23,10,0
796,r2,77,"1335","796",false,123,116,0
797,r3,77,"493","170",false,59,111,0
798,r4,77,"369","18",false,1,39,0
800,r6,77,"501","284",false,19,159,0
801,r7,77,"207","115",false,17,89,0
802,v1,86,"33","11",false,18,19,0
803,v2,86,"228","58",false,31,34,0
807,v6,86,"391","75",false,14,308,0
809,r1,93,"25","3",false,20,10,0
815,r7,93,"63","37",false,233,111,0
816,a1,93,"14","6",false,8,12,0
823,v1,93,"15","2",false,8,10,0
828,v6,93,"147","104",false,226,328,0
830,a1,77,"52","7",false,9,10,0
831,a2,77,"456","162",false,4,58,0
833,a4,77,"320","57",false,0,49,0
835,a6,77,"360","150",false,15,160,0
837,r1,72,"33","18",false,22,12,0
838,r1,72,"63","6",false,22,12,0
840,v1,77,"55","5",false,8,10,0
841,v2,77,"218","19",false,23,26,0
842,v3,77,"721","298",false,81,88,0
843,v4,77,"625","488",false,165,255,0
844,v5,77,"338","118",false,2,64,0
845,v6,77,"427","207",false,24,134,0
855,a1,103,"80","67",false,2,10,0
856,r1,104,"19","11",false,21,11,0
834,a5,77,"571","313",true,148,100,1
836,a7,77,"615","517",true,167,223,1
839,r2,72,"637","191",true,62,86,1
846,v7,77,"536","373",true,7,173,1
847,a1,99,"171","63",true,9,11,1
848,a2,99,"356","75",true,96,178,1
849,a3,99,"338","114",true,5,13,1
850,a3,99,"1182","958",true,5,70,1
851,a4,99,"939","611",true,54,661,1
852,a5,99,"442","273",true,0,128,1
853,a6,99,"954","266",true,43,217,1
854,a7,99,"271","168",true,22,150,1
857,r2,104,"149","2",true,17,40,1
858,r3,104,"26","1",true,69,57,1
859,r4,104,"36","5",true,73,46,1
860,r5,104,"35","2",true,54,76,1
861,r6,104,"50","43",true,44,345,1
862,r7,104,"73","40",true,555,777,1
870,r2,13,"70","65",true,1,49,
